source,target
/,/
/,/sign-in
/,/sign-up
/dashboard/ads/accounts,/dashboard
/dashboard/ads/accounts,/dashboard/ads
/dashboard/ads/accounts,/dashboard/ads/accounts
/dashboard/ads/accounts,/dashboard/ads/create
/dashboard/ads/accounts,/dashboard/analytics
/dashboard/ads/accounts,/dashboard/automations
/dashboard/ads/accounts,/dashboard/brand
/dashboard/ads/accounts,/dashboard/brand/strategy
/dashboard/ads/accounts,/dashboard/brand/voice
/dashboard/ads/accounts,/dashboard/calendar
/dashboard/ads/accounts,/dashboard/content
/dashboard/ads/accounts,/dashboard/content/approval
/dashboard/ads/accounts,/dashboard/content/generate
/dashboard/ads/accounts,/dashboard/content/published
/dashboard/ads/accounts,/dashboard/context
/dashboard/ads/accounts,/dashboard/leads
/dashboard/ads/accounts,/dashboard/settings
/dashboard/ads/accounts,/dashboard/settings/publishing
/dashboard/ads/accounts,/dashboard/social
/dashboard/ads/accounts,/dashboard/social/accounts
/dashboard/ads/accounts,/dashboard/social/settings
/dashboard/ads/accounts,/dashboard/social/suggestions
/dashboard/ads/accounts,/dashboard/test
/dashboard/ads/accounts,/dashboard/voice
/dashboard/ads/accounts,/dashboard/voice/calls
/dashboard/ads/accounts,/dashboard/voice/numbers
/dashboard/ads/accounts,/help
/dashboard/ads/create,/dashboard
/dashboard/ads/create,/dashboard/ads
/dashboard/ads/create,/dashboard/ads/accounts
/dashboard/ads/create,/dashboard/ads/create
/dashboard/ads/create,/dashboard/analytics
/dashboard/ads/create,/dashboard/automations
/dashboard/ads/create,/dashboard/brand
/dashboard/ads/create,/dashboard/brand/strategy
/dashboard/ads/create,/dashboard/brand/voice
/dashboard/ads/create,/dashboard/calendar
/dashboard/ads/create,/dashboard/content
/dashboard/ads/create,/dashboard/content/approval
/dashboard/ads/create,/dashboard/content/generate
/dashboard/ads/create,/dashboard/content/published
/dashboard/ads/create,/dashboard/context
/dashboard/ads/create,/dashboard/leads
/dashboard/ads/create,/dashboard/settings
/dashboard/ads/create,/dashboard/settings/publishing
/dashboard/ads/create,/dashboard/social
/dashboard/ads/create,/dashboard/social/accounts
/dashboard/ads/create,/dashboard/social/settings
/dashboard/ads/create,/dashboard/social/suggestions
/dashboard/ads/create,/dashboard/test
/dashboard/ads/create,/dashboard/voice
/dashboard/ads/create,/dashboard/voice/calls
/dashboard/ads/create,/dashboard/voice/numbers
/dashboard/ads/create,/help
/dashboard/ads,/dashboard
/dashboard/ads,/dashboard/ads
/dashboard/ads,/dashboard/ads/accounts
/dashboard/ads,/dashboard/ads/create
/dashboard/ads,/dashboard/analytics
/dashboard/ads,/dashboard/automations
/dashboard/ads,/dashboard/brand
/dashboard/ads,/dashboard/brand/strategy
/dashboard/ads,/dashboard/brand/voice
/dashboard/ads,/dashboard/calendar
/dashboard/ads,/dashboard/content
/dashboard/ads,/dashboard/content/approval
/dashboard/ads,/dashboard/content/generate
/dashboard/ads,/dashboard/content/published
/dashboard/ads,/dashboard/context
/dashboard/ads,/dashboard/leads
/dashboard/ads,/dashboard/settings
/dashboard/ads,/dashboard/settings/publishing
/dashboard/ads,/dashboard/social
/dashboard/ads,/dashboard/social/accounts
/dashboard/ads,/dashboard/social/settings
/dashboard/ads,/dashboard/social/suggestions
/dashboard/ads,/dashboard/test
/dashboard/ads,/dashboard/voice
/dashboard/ads,/dashboard/voice/calls
/dashboard/ads,/dashboard/voice/numbers
/dashboard/ads,/help
/dashboard/analytics,/dashboard
/dashboard/analytics,/dashboard/ads
/dashboard/analytics,/dashboard/ads/accounts
/dashboard/analytics,/dashboard/ads/create
/dashboard/analytics,/dashboard/analytics
/dashboard/analytics,/dashboard/automations
/dashboard/analytics,/dashboard/brand
/dashboard/analytics,/dashboard/brand/strategy
/dashboard/analytics,/dashboard/brand/voice
/dashboard/analytics,/dashboard/calendar
/dashboard/analytics,/dashboard/content
/dashboard/analytics,/dashboard/content/approval
/dashboard/analytics,/dashboard/content/generate
/dashboard/analytics,/dashboard/content/published
/dashboard/analytics,/dashboard/context
/dashboard/analytics,/dashboard/leads
/dashboard/analytics,/dashboard/settings
/dashboard/analytics,/dashboard/settings/publishing
/dashboard/analytics,/dashboard/social
/dashboard/analytics,/dashboard/social/accounts
/dashboard/analytics,/dashboard/social/settings
/dashboard/analytics,/dashboard/social/suggestions
/dashboard/analytics,/dashboard/test
/dashboard/analytics,/dashboard/voice
/dashboard/analytics,/dashboard/voice/calls
/dashboard/analytics,/dashboard/voice/numbers
/dashboard/analytics,/help
/dashboard/automations,/dashboard
/dashboard/automations,/dashboard/ads
/dashboard/automations,/dashboard/ads/accounts
/dashboard/automations,/dashboard/ads/create
/dashboard/automations,/dashboard/analytics
/dashboard/automations,/dashboard/automations
/dashboard/automations,/dashboard/brand
/dashboard/automations,/dashboard/brand/strategy
/dashboard/automations,/dashboard/brand/voice
/dashboard/automations,/dashboard/calendar
/dashboard/automations,/dashboard/content
/dashboard/automations,/dashboard/content/approval
/dashboard/automations,/dashboard/content/generate
/dashboard/automations,/dashboard/content/published
/dashboard/automations,/dashboard/context
/dashboard/automations,/dashboard/leads
/dashboard/automations,/dashboard/settings
/dashboard/automations,/dashboard/settings/publishing
/dashboard/automations,/dashboard/social
/dashboard/automations,/dashboard/social/accounts
/dashboard/automations,/dashboard/social/settings
/dashboard/automations,/dashboard/social/suggestions
/dashboard/automations,/dashboard/test
/dashboard/automations,/dashboard/voice
/dashboard/automations,/dashboard/voice/calls
/dashboard/automations,/dashboard/voice/numbers
/dashboard/automations,/help
/dashboard/brand,/dashboard
/dashboard/brand,/dashboard/ads
/dashboard/brand,/dashboard/ads/accounts
/dashboard/brand,/dashboard/ads/create
/dashboard/brand,/dashboard/analytics
/dashboard/brand,/dashboard/automations
/dashboard/brand,/dashboard/brand
/dashboard/brand,/dashboard/brand/strategy
/dashboard/brand,/dashboard/brand/voice
/dashboard/brand,/dashboard/calendar
/dashboard/brand,/dashboard/content
/dashboard/brand,/dashboard/content/approval
/dashboard/brand,/dashboard/content/generate
/dashboard/brand,/dashboard/content/published
/dashboard/brand,/dashboard/context
/dashboard/brand,/dashboard/leads
/dashboard/brand,/dashboard/settings
/dashboard/brand,/dashboard/settings/publishing
/dashboard/brand,/dashboard/social
/dashboard/brand,/dashboard/social/accounts
/dashboard/brand,/dashboard/social/settings
/dashboard/brand,/dashboard/social/suggestions
/dashboard/brand,/dashboard/test
/dashboard/brand,/dashboard/voice
/dashboard/brand,/dashboard/voice/calls
/dashboard/brand,/dashboard/voice/numbers
/dashboard/brand,/help
/dashboard/brand/strategy,/dashboard
/dashboard/brand/strategy,/dashboard/ads
/dashboard/brand/strategy,/dashboard/ads/accounts
/dashboard/brand/strategy,/dashboard/ads/create
/dashboard/brand/strategy,/dashboard/analytics
/dashboard/brand/strategy,/dashboard/automations
/dashboard/brand/strategy,/dashboard/brand
/dashboard/brand/strategy,/dashboard/brand/strategy
/dashboard/brand/strategy,/dashboard/brand/voice
/dashboard/brand/strategy,/dashboard/calendar
/dashboard/brand/strategy,/dashboard/content
/dashboard/brand/strategy,/dashboard/content/approval
/dashboard/brand/strategy,/dashboard/content/generate
/dashboard/brand/strategy,/dashboard/content/published
/dashboard/brand/strategy,/dashboard/context
/dashboard/brand/strategy,/dashboard/leads
/dashboard/brand/strategy,/dashboard/settings
/dashboard/brand/strategy,/dashboard/settings/publishing
/dashboard/brand/strategy,/dashboard/social
/dashboard/brand/strategy,/dashboard/social/accounts
/dashboard/brand/strategy,/dashboard/social/settings
/dashboard/brand/strategy,/dashboard/social/suggestions
/dashboard/brand/strategy,/dashboard/test
/dashboard/brand/strategy,/dashboard/voice
/dashboard/brand/strategy,/dashboard/voice/calls
/dashboard/brand/strategy,/dashboard/voice/numbers
/dashboard/brand/strategy,/help
/dashboard/brand/voice,/dashboard
/dashboard/brand/voice,/dashboard/ads
/dashboard/brand/voice,/dashboard/ads/accounts
/dashboard/brand/voice,/dashboard/ads/create
/dashboard/brand/voice,/dashboard/analytics
/dashboard/brand/voice,/dashboard/automations
/dashboard/brand/voice,/dashboard/brand
/dashboard/brand/voice,/dashboard/brand/strategy
/dashboard/brand/voice,/dashboard/brand/voice
/dashboard/brand/voice,/dashboard/calendar
/dashboard/brand/voice,/dashboard/content
/dashboard/brand/voice,/dashboard/content/approval
/dashboard/brand/voice,/dashboard/content/generate
/dashboard/brand/voice,/dashboard/content/published
/dashboard/brand/voice,/dashboard/context
/dashboard/brand/voice,/dashboard/leads
/dashboard/brand/voice,/dashboard/settings
/dashboard/brand/voice,/dashboard/settings/publishing
/dashboard/brand/voice,/dashboard/social
/dashboard/brand/voice,/dashboard/social/accounts
/dashboard/brand/voice,/dashboard/social/settings
/dashboard/brand/voice,/dashboard/social/suggestions
/dashboard/brand/voice,/dashboard/test
/dashboard/brand/voice,/dashboard/voice
/dashboard/brand/voice,/dashboard/voice/calls
/dashboard/brand/voice,/dashboard/voice/numbers
/dashboard/brand/voice,/help
/dashboard/calendar,/dashboard
/dashboard/calendar,/dashboard/ads
/dashboard/calendar,/dashboard/ads/accounts
/dashboard/calendar,/dashboard/ads/create
/dashboard/calendar,/dashboard/analytics
/dashboard/calendar,/dashboard/automations
/dashboard/calendar,/dashboard/brand
/dashboard/calendar,/dashboard/brand/strategy
/dashboard/calendar,/dashboard/brand/voice
/dashboard/calendar,/dashboard/calendar
/dashboard/calendar,/dashboard/content
/dashboard/calendar,/dashboard/content/approval
/dashboard/calendar,/dashboard/content/generate
/dashboard/calendar,/dashboard/content/published
/dashboard/calendar,/dashboard/context
/dashboard/calendar,/dashboard/leads
/dashboard/calendar,/dashboard/settings
/dashboard/calendar,/dashboard/settings/publishing
/dashboard/calendar,/dashboard/social
/dashboard/calendar,/dashboard/social/accounts
/dashboard/calendar,/dashboard/social/settings
/dashboard/calendar,/dashboard/social/suggestions
/dashboard/calendar,/dashboard/test
/dashboard/calendar,/dashboard/voice
/dashboard/calendar,/dashboard/voice/calls
/dashboard/calendar,/dashboard/voice/numbers
/dashboard/calendar,/help
/dashboard/content/approval,/dashboard
/dashboard/content/approval,/dashboard/ads
/dashboard/content/approval,/dashboard/ads/accounts
/dashboard/content/approval,/dashboard/ads/create
/dashboard/content/approval,/dashboard/analytics
/dashboard/content/approval,/dashboard/automations
/dashboard/content/approval,/dashboard/brand
/dashboard/content/approval,/dashboard/brand/strategy
/dashboard/content/approval,/dashboard/brand/voice
/dashboard/content/approval,/dashboard/calendar
/dashboard/content/approval,/dashboard/content
/dashboard/content/approval,/dashboard/content/approval
/dashboard/content/approval,/dashboard/content/generate
/dashboard/content/approval,/dashboard/content/published
/dashboard/content/approval,/dashboard/context
/dashboard/content/approval,/dashboard/leads
/dashboard/content/approval,/dashboard/settings
/dashboard/content/approval,/dashboard/settings/publishing
/dashboard/content/approval,/dashboard/social
/dashboard/content/approval,/dashboard/social/accounts
/dashboard/content/approval,/dashboard/social/settings
/dashboard/content/approval,/dashboard/social/suggestions
/dashboard/content/approval,/dashboard/test
/dashboard/content/approval,/dashboard/voice
/dashboard/content/approval,/dashboard/voice/calls
/dashboard/content/approval,/dashboard/voice/numbers
/dashboard/content/approval,/help
/dashboard/content,/dashboard
/dashboard/content,/dashboard/ads
/dashboard/content,/dashboard/ads/accounts
/dashboard/content,/dashboard/ads/create
/dashboard/content,/dashboard/analytics
/dashboard/content,/dashboard/automations
/dashboard/content,/dashboard/brand
/dashboard/content,/dashboard/brand/strategy
/dashboard/content,/dashboard/brand/voice
/dashboard/content,/dashboard/calendar
/dashboard/content,/dashboard/content
/dashboard/content,/dashboard/content/approval
/dashboard/content,/dashboard/content/generate
/dashboard/content,/dashboard/content/published
/dashboard/content,/dashboard/context
/dashboard/content,/dashboard/leads
/dashboard/content,/dashboard/settings
/dashboard/content,/dashboard/settings/publishing
/dashboard/content,/dashboard/social
/dashboard/content,/dashboard/social/accounts
/dashboard/content,/dashboard/social/settings
/dashboard/content,/dashboard/social/suggestions
/dashboard/content,/dashboard/test
/dashboard/content,/dashboard/voice
/dashboard/content,/dashboard/voice/calls
/dashboard/content,/dashboard/voice/numbers
/dashboard/content/generate,/dashboard
/dashboard/content/generate,/dashboard/ads
/dashboard/content/generate,/dashboard/ads/accounts
/dashboard/content/generate,/dashboard/ads/create
/dashboard/content/generate,/dashboard/analytics
/dashboard/content/generate,/dashboard/automations
/dashboard/content/generate,/dashboard/brand
/dashboard/content/generate,/dashboard/brand/strategy
/dashboard/content/generate,/dashboard/brand/voice
/dashboard/content/generate,/dashboard/calendar
/dashboard/content/generate,/dashboard/content
/dashboard/content/generate,/dashboard/content/approval
/dashboard/content/generate,/dashboard/content/generate
/dashboard/content/generate,/dashboard/content/published
/dashboard/content/generate,/dashboard/context
/dashboard/content/generate,/dashboard/leads
/dashboard/content/generate,/dashboard/settings
/dashboard/content/generate,/dashboard/settings/publishing
/dashboard/content/generate,/dashboard/social
/dashboard/content/generate,/dashboard/social/accounts
/dashboard/content/generate,/dashboard/social/settings
/dashboard/content/generate,/dashboard/social/suggestions
/dashboard/content/generate,/dashboard/test
/dashboard/content/generate,/dashboard/voice
/dashboard/content/generate,/dashboard/voice/calls
/dashboard/content/generate,/dashboard/voice/numbers
/dashboard/content/generate,/help
/dashboard/content,/help
/dashboard/content/published,/dashboard
/dashboard/content/published,/dashboard/ads
/dashboard/content/published,/dashboard/ads/accounts
/dashboard/content/published,/dashboard/ads/create
/dashboard/content/published,/dashboard/analytics
/dashboard/content/published,/dashboard/automations
/dashboard/content/published,/dashboard/brand
/dashboard/content/published,/dashboard/brand/strategy
/dashboard/content/published,/dashboard/brand/voice
/dashboard/content/published,/dashboard/calendar
/dashboard/content/published,/dashboard/content
/dashboard/content/published,/dashboard/content/approval
/dashboard/content/published,/dashboard/content/generate
/dashboard/content/published,/dashboard/content/published
/dashboard/content/published,/dashboard/context
/dashboard/content/published,/dashboard/leads
/dashboard/content/published,/dashboard/settings
/dashboard/content/published,/dashboard/settings/publishing
/dashboard/content/published,/dashboard/social
/dashboard/content/published,/dashboard/social/accounts
/dashboard/content/published,/dashboard/social/settings
/dashboard/content/published,/dashboard/social/suggestions
/dashboard/content/published,/dashboard/test
/dashboard/content/published,/dashboard/voice
/dashboard/content/published,/dashboard/voice/calls
/dashboard/content/published,/dashboard/voice/numbers
/dashboard/content/published,/help
/dashboard/context,/dashboard
/dashboard/context,/dashboard/ads
/dashboard/context,/dashboard/ads/accounts
/dashboard/context,/dashboard/ads/create
/dashboard/context,/dashboard/analytics
/dashboard/context,/dashboard/automations
/dashboard/context,/dashboard/brand
/dashboard/context,/dashboard/brand/strategy
/dashboard/context,/dashboard/brand/voice
/dashboard/context,/dashboard/calendar
/dashboard/context,/dashboard/content
/dashboard/context,/dashboard/content/approval
/dashboard/context,/dashboard/content/generate
/dashboard/context,/dashboard/content/published
/dashboard/context,/dashboard/context
/dashboard/context,/dashboard/context/documents
/dashboard/context,/dashboard/context/search
/dashboard/context,/dashboard/leads
/dashboard/context,/dashboard/settings
/dashboard/context,/dashboard/settings/publishing
/dashboard/context,/dashboard/social
/dashboard/context,/dashboard/social/accounts
/dashboard/context,/dashboard/social/settings
/dashboard/context,/dashboard/social/suggestions
/dashboard/context,/dashboard/test
/dashboard/context,/dashboard/voice
/dashboard/context,/dashboard/voice/calls
/dashboard/context,/dashboard/voice/numbers
/dashboard/context/documents,/dashboard
/dashboard/context/documents,/dashboard/ads
/dashboard/context/documents,/dashboard/ads/accounts
/dashboard/context/documents,/dashboard/ads/create
/dashboard/context/documents,/dashboard/analytics
/dashboard/context/documents,/dashboard/automations
/dashboard/context/documents,/dashboard/brand
/dashboard/context/documents,/dashboard/brand/strategy
/dashboard/context/documents,/dashboard/brand/voice
/dashboard/context/documents,/dashboard/calendar
/dashboard/context/documents,/dashboard/content
/dashboard/context/documents,/dashboard/content/approval
/dashboard/context/documents,/dashboard/content/generate
/dashboard/context/documents,/dashboard/content/published
/dashboard/context/documents,/dashboard/context
/dashboard/context/documents,/dashboard/context/documents
/dashboard/context/documents,/dashboard/context/search
/dashboard/context/documents,/dashboard/leads
/dashboard/context/documents,/dashboard/settings
/dashboard/context/documents,/dashboard/settings/publishing
/dashboard/context/documents,/dashboard/social
/dashboard/context/documents,/dashboard/social/accounts
/dashboard/context/documents,/dashboard/social/settings
/dashboard/context/documents,/dashboard/social/suggestions
/dashboard/context/documents,/dashboard/test
/dashboard/context/documents,/dashboard/voice
/dashboard/context/documents,/dashboard/voice/calls
/dashboard/context/documents,/dashboard/voice/numbers
/dashboard/context/documents,/help
/dashboard/context,/help
/dashboard/context/search,/dashboard
/dashboard/context/search,/dashboard/ads
/dashboard/context/search,/dashboard/ads/accounts
/dashboard/context/search,/dashboard/ads/create
/dashboard/context/search,/dashboard/analytics
/dashboard/context/search,/dashboard/automations
/dashboard/context/search,/dashboard/brand
/dashboard/context/search,/dashboard/brand/strategy
/dashboard/context/search,/dashboard/brand/voice
/dashboard/context/search,/dashboard/calendar
/dashboard/context/search,/dashboard/content
/dashboard/context/search,/dashboard/content/approval
/dashboard/context/search,/dashboard/content/generate
/dashboard/context/search,/dashboard/content/published
/dashboard/context/search,/dashboard/context
/dashboard/context/search,/dashboard/context/documents
/dashboard/context/search,/dashboard/context/search
/dashboard/context/search,/dashboard/leads
/dashboard/context/search,/dashboard/settings
/dashboard/context/search,/dashboard/settings/publishing
/dashboard/context/search,/dashboard/social
/dashboard/context/search,/dashboard/social/accounts
/dashboard/context/search,/dashboard/social/settings
/dashboard/context/search,/dashboard/social/suggestions
/dashboard/context/search,/dashboard/test
/dashboard/context/search,/dashboard/voice
/dashboard/context/search,/dashboard/voice/calls
/dashboard/context/search,/dashboard/voice/numbers
/dashboard/context/search,/help
/dashboard,/dashboard
/dashboard,/dashboard/ads
/dashboard,/dashboard/ads/accounts
/dashboard,/dashboard/ads/create
/dashboard,/dashboard/analytics
/dashboard,/dashboard/automations
/dashboard,/dashboard/brand
/dashboard,/dashboard/brand/strategy
/dashboard,/dashboard/brand/voice
/dashboard,/dashboard/calendar
/dashboard,/dashboard/content
/dashboard,/dashboard/content/approval
/dashboard,/dashboard/content/generate
/dashboard,/dashboard/content/published
/dashboard,/dashboard/context
/dashboard,/dashboard/leads
/dashboard,/dashboard/settings
/dashboard,/dashboard/settings/publishing
/dashboard,/dashboard/social
/dashboard,/dashboard/social/accounts
/dashboard,/dashboard/social/settings
/dashboard,/dashboard/social/suggestions
/dashboard,/dashboard/test
/dashboard,/dashboard/voice
/dashboard,/dashboard/voice/calls
/dashboard,/dashboard/voice/numbers
/dashboard,/help
/dashboard/leads,/dashboard
/dashboard/leads,/dashboard/ads
/dashboard/leads,/dashboard/ads/accounts
/dashboard/leads,/dashboard/ads/create
/dashboard/leads,/dashboard/analytics
/dashboard/leads,/dashboard/automations
/dashboard/leads,/dashboard/brand
/dashboard/leads,/dashboard/brand/strategy
/dashboard/leads,/dashboard/brand/voice
/dashboard/leads,/dashboard/calendar
/dashboard/leads,/dashboard/content
/dashboard/leads,/dashboard/content/approval
/dashboard/leads,/dashboard/content/generate
/dashboard/leads,/dashboard/content/published
/dashboard/leads,/dashboard/context
/dashboard/leads,/dashboard/leads
/dashboard/leads,/dashboard/leads/new
/dashboard/leads,/dashboard/settings
/dashboard/leads,/dashboard/settings/publishing
/dashboard/leads,/dashboard/social
/dashboard/leads,/dashboard/social/accounts
/dashboard/leads,/dashboard/social/settings
/dashboard/leads,/dashboard/social/suggestions
/dashboard/leads,/dashboard/test
/dashboard/leads,/dashboard/voice
/dashboard/leads,/dashboard/voice/calls
/dashboard/leads,/dashboard/voice/numbers
/dashboard/leads,/help
/dashboard/leads/new,/dashboard
/dashboard/leads/new,/dashboard/ads
/dashboard/leads/new,/dashboard/ads/accounts
/dashboard/leads/new,/dashboard/ads/create
/dashboard/leads/new,/dashboard/analytics
/dashboard/leads/new,/dashboard/automations
/dashboard/leads/new,/dashboard/brand
/dashboard/leads/new,/dashboard/brand/strategy
/dashboard/leads/new,/dashboard/brand/voice
/dashboard/leads/new,/dashboard/calendar
/dashboard/leads/new,/dashboard/content
/dashboard/leads/new,/dashboard/content/approval
/dashboard/leads/new,/dashboard/content/generate
/dashboard/leads/new,/dashboard/content/published
/dashboard/leads/new,/dashboard/context
/dashboard/leads/new,/dashboard/leads
/dashboard/leads/new,/dashboard/leads/new
/dashboard/leads/new,/dashboard/settings
/dashboard/leads/new,/dashboard/settings/publishing
/dashboard/leads/new,/dashboard/social
/dashboard/leads/new,/dashboard/social/accounts
/dashboard/leads/new,/dashboard/social/settings
/dashboard/leads/new,/dashboard/social/suggestions
/dashboard/leads/new,/dashboard/test
/dashboard/leads/new,/dashboard/voice
/dashboard/leads/new,/dashboard/voice/calls
/dashboard/leads/new,/dashboard/voice/numbers
/dashboard/leads/new,/help
/dashboard/settings,/dashboard
/dashboard/settings,/dashboard/ads
/dashboard/settings,/dashboard/ads/accounts
/dashboard/settings,/dashboard/ads/create
/dashboard/settings,/dashboard/analytics
/dashboard/settings,/dashboard/automations
/dashboard/settings,/dashboard/brand
/dashboard/settings,/dashboard/brand/strategy
/dashboard/settings,/dashboard/brand/voice
/dashboard/settings,/dashboard/calendar
/dashboard/settings,/dashboard/content
/dashboard/settings,/dashboard/content/approval
/dashboard/settings,/dashboard/content/generate
/dashboard/settings,/dashboard/content/published
/dashboard/settings,/dashboard/context
/dashboard/settings,/dashboard/leads
/dashboard/settings,/dashboard/settings
/dashboard/settings,/dashboard/settings/publishing
/dashboard/settings,/dashboard/social
/dashboard/settings,/dashboard/social/accounts
/dashboard/settings,/dashboard/social/settings
/dashboard/settings,/dashboard/social/suggestions
/dashboard/settings,/dashboard/test
/dashboard/settings,/dashboard/voice
/dashboard/settings,/dashboard/voice/calls
/dashboard/settings,/dashboard/voice/numbers
/dashboard/settings,/help
/dashboard/settings/publishing,/dashboard
/dashboard/settings/publishing,/dashboard/ads
/dashboard/settings/publishing,/dashboard/ads/accounts
/dashboard/settings/publishing,/dashboard/ads/create
/dashboard/settings/publishing,/dashboard/analytics
/dashboard/settings/publishing,/dashboard/automations
/dashboard/settings/publishing,/dashboard/brand
/dashboard/settings/publishing,/dashboard/brand/strategy
/dashboard/settings/publishing,/dashboard/brand/voice
/dashboard/settings/publishing,/dashboard/calendar
/dashboard/settings/publishing,/dashboard/content
/dashboard/settings/publishing,/dashboard/content/approval
/dashboard/settings/publishing,/dashboard/content/generate
/dashboard/settings/publishing,/dashboard/content/published
/dashboard/settings/publishing,/dashboard/context
/dashboard/settings/publishing,/dashboard/leads
/dashboard/settings/publishing,/dashboard/settings
/dashboard/settings/publishing,/dashboard/settings/publishing
/dashboard/settings/publishing,/dashboard/social
/dashboard/settings/publishing,/dashboard/social/accounts
/dashboard/settings/publishing,/dashboard/social/settings
/dashboard/settings/publishing,/dashboard/social/suggestions
/dashboard/settings/publishing,/dashboard/test
/dashboard/settings/publishing,/dashboard/voice
/dashboard/settings/publishing,/dashboard/voice/calls
/dashboard/settings/publishing,/dashboard/voice/numbers
/dashboard/settings/publishing,/help
/dashboard/settings/usage,/dashboard
/dashboard/settings/usage,/dashboard/ads
/dashboard/settings/usage,/dashboard/ads/accounts
/dashboard/settings/usage,/dashboard/ads/create
/dashboard/settings/usage,/dashboard/analytics
/dashboard/settings/usage,/dashboard/automations
/dashboard/settings/usage,/dashboard/brand
/dashboard/settings/usage,/dashboard/brand/strategy
/dashboard/settings/usage,/dashboard/brand/voice
/dashboard/settings/usage,/dashboard/calendar
/dashboard/settings/usage,/dashboard/content
/dashboard/settings/usage,/dashboard/content/approval
/dashboard/settings/usage,/dashboard/content/generate
/dashboard/settings/usage,/dashboard/content/published
/dashboard/settings/usage,/dashboard/context
/dashboard/settings/usage,/dashboard/leads
/dashboard/settings/usage,/dashboard/settings
/dashboard/settings/usage,/dashboard/settings/publishing
/dashboard/settings/usage,/dashboard/settings/usage
/dashboard/settings/usage,/dashboard/social
/dashboard/settings/usage,/dashboard/social/accounts
/dashboard/settings/usage,/dashboard/social/settings
/dashboard/settings/usage,/dashboard/social/suggestions
/dashboard/settings/usage,/dashboard/test
/dashboard/settings/usage,/dashboard/voice
/dashboard/settings/usage,/dashboard/voice/calls
/dashboard/settings/usage,/dashboard/voice/numbers
/dashboard/settings/usage,/help
/dashboard/social/accounts,/dashboard
/dashboard/social/accounts,/dashboard/ads
/dashboard/social/accounts,/dashboard/ads/accounts
/dashboard/social/accounts,/dashboard/ads/create
/dashboard/social/accounts,/dashboard/analytics
/dashboard/social/accounts,/dashboard/automations
/dashboard/social/accounts,/dashboard/brand
/dashboard/social/accounts,/dashboard/brand/strategy
/dashboard/social/accounts,/dashboard/brand/voice
/dashboard/social/accounts,/dashboard/calendar
/dashboard/social/accounts,/dashboard/content
/dashboard/social/accounts,/dashboard/content/approval
/dashboard/social/accounts,/dashboard/content/generate
/dashboard/social/accounts,/dashboard/content/published
/dashboard/social/accounts,/dashboard/context
/dashboard/social/accounts,/dashboard/leads
/dashboard/social/accounts,/dashboard/settings
/dashboard/social/accounts,/dashboard/settings/publishing
/dashboard/social/accounts,/dashboard/social
/dashboard/social/accounts,/dashboard/social/accounts
/dashboard/social/accounts,/dashboard/social/settings
/dashboard/social/accounts,/dashboard/social/suggestions
/dashboard/social/accounts,/dashboard/test
/dashboard/social/accounts,/dashboard/voice
/dashboard/social/accounts,/dashboard/voice/calls
/dashboard/social/accounts,/dashboard/voice/numbers
/dashboard/social/accounts,/help
/dashboard/social,/dashboard
/dashboard/social,/dashboard/ads
/dashboard/social,/dashboard/ads/accounts
/dashboard/social,/dashboard/ads/create
/dashboard/social,/dashboard/analytics
/dashboard/social,/dashboard/automations
/dashboard/social,/dashboard/brand
/dashboard/social,/dashboard/brand/strategy
/dashboard/social,/dashboard/brand/voice
/dashboard/social,/dashboard/calendar
/dashboard/social,/dashboard/content
/dashboard/social,/dashboard/content/approval
/dashboard/social,/dashboard/content/generate
/dashboard/social,/dashboard/content/published
/dashboard/social,/dashboard/context
/dashboard/social,/dashboard/leads
/dashboard/social,/dashboard/settings
/dashboard/social,/dashboard/settings/publishing
/dashboard/social,/dashboard/social
/dashboard/social,/dashboard/social/accounts
/dashboard/social,/dashboard/social/settings
/dashboard/social,/dashboard/social/suggestions
/dashboard/social,/dashboard/test
/dashboard/social,/dashboard/voice
/dashboard/social,/dashboard/voice/calls
/dashboard/social,/dashboard/voice/numbers
/dashboard/social,/help
/dashboard/social/settings,/dashboard
/dashboard/social/settings,/dashboard/ads
/dashboard/social/settings,/dashboard/ads/accounts
/dashboard/social/settings,/dashboard/ads/create
/dashboard/social/settings,/dashboard/analytics
/dashboard/social/settings,/dashboard/automations
/dashboard/social/settings,/dashboard/brand
/dashboard/social/settings,/dashboard/brand/strategy
/dashboard/social/settings,/dashboard/brand/voice
/dashboard/social/settings,/dashboard/calendar
/dashboard/social/settings,/dashboard/content
/dashboard/social/settings,/dashboard/content/approval
/dashboard/social/settings,/dashboard/content/generate
/dashboard/social/settings,/dashboard/content/published
/dashboard/social/settings,/dashboard/context
/dashboard/social/settings,/dashboard/leads
/dashboard/social/settings,/dashboard/settings
/dashboard/social/settings,/dashboard/settings/publishing
/dashboard/social/settings,/dashboard/social
/dashboard/social/settings,/dashboard/social/accounts
/dashboard/social/settings,/dashboard/social/settings
/dashboard/social/settings,/dashboard/social/suggestions
/dashboard/social/settings,/dashboard/test
/dashboard/social/settings,/dashboard/voice
/dashboard/social/settings,/dashboard/voice/calls
/dashboard/social/settings,/dashboard/voice/numbers
/dashboard/social/settings,/help
/dashboard/social/suggestions,/dashboard
/dashboard/social/suggestions,/dashboard/ads
/dashboard/social/suggestions,/dashboard/ads/accounts
/dashboard/social/suggestions,/dashboard/ads/create
/dashboard/social/suggestions,/dashboard/analytics
/dashboard/social/suggestions,/dashboard/automations
/dashboard/social/suggestions,/dashboard/brand
/dashboard/social/suggestions,/dashboard/brand/strategy
/dashboard/social/suggestions,/dashboard/brand/voice
/dashboard/social/suggestions,/dashboard/calendar
/dashboard/social/suggestions,/dashboard/content
/dashboard/social/suggestions,/dashboard/content/approval
/dashboard/social/suggestions,/dashboard/content/generate
/dashboard/social/suggestions,/dashboard/content/published
/dashboard/social/suggestions,/dashboard/context
/dashboard/social/suggestions,/dashboard/leads
/dashboard/social/suggestions,/dashboard/settings
/dashboard/social/suggestions,/dashboard/settings/publishing
/dashboard/social/suggestions,/dashboard/social
/dashboard/social/suggestions,/dashboard/social/accounts
/dashboard/social/suggestions,/dashboard/social/settings
/dashboard/social/suggestions,/dashboard/social/suggestions
/dashboard/social/suggestions,/dashboard/test
/dashboard/social/suggestions,/dashboard/voice
/dashboard/social/suggestions,/dashboard/voice/calls
/dashboard/social/suggestions,/dashboard/voice/numbers
/dashboard/social/suggestions,/help
/dashboard/test,/dashboard
/dashboard/test,/dashboard/ads
/dashboard/test,/dashboard/ads/accounts
/dashboard/test,/dashboard/ads/create
/dashboard/test,/dashboard/analytics
/dashboard/test,/dashboard/automations
/dashboard/test,/dashboard/brand
/dashboard/test,/dashboard/brand/strategy
/dashboard/test,/dashboard/brand/voice
/dashboard/test,/dashboard/calendar
/dashboard/test,/dashboard/content
/dashboard/test,/dashboard/content/approval
/dashboard/test,/dashboard/content/generate
/dashboard/test,/dashboard/content/published
/dashboard/test,/dashboard/context
/dashboard/test,/dashboard/leads
/dashboard/test,/dashboard/settings
/dashboard/test,/dashboard/settings/publishing
/dashboard/test,/dashboard/social
/dashboard/test,/dashboard/social/accounts
/dashboard/test,/dashboard/social/settings
/dashboard/test,/dashboard/social/suggestions
/dashboard/test,/dashboard/test
/dashboard/test,/dashboard/voice
/dashboard/test,/dashboard/voice/calls
/dashboard/test,/dashboard/voice/numbers
/dashboard/test,/help
/dashboard/voice/agents/new,/dashboard
/dashboard/voice/agents/new,/dashboard/ads
/dashboard/voice/agents/new,/dashboard/ads/accounts
/dashboard/voice/agents/new,/dashboard/ads/create
/dashboard/voice/agents/new,/dashboard/analytics
/dashboard/voice/agents/new,/dashboard/automations
/dashboard/voice/agents/new,/dashboard/brand
/dashboard/voice/agents/new,/dashboard/brand/strategy
/dashboard/voice/agents/new,/dashboard/brand/voice
/dashboard/voice/agents/new,/dashboard/calendar
/dashboard/voice/agents/new,/dashboard/content
/dashboard/voice/agents/new,/dashboard/content/approval
/dashboard/voice/agents/new,/dashboard/content/generate
/dashboard/voice/agents/new,/dashboard/content/published
/dashboard/voice/agents/new,/dashboard/context
/dashboard/voice/agents/new,/dashboard/leads
/dashboard/voice/agents/new,/dashboard/settings
/dashboard/voice/agents/new,/dashboard/settings/publishing
/dashboard/voice/agents/new,/dashboard/social
/dashboard/voice/agents/new,/dashboard/social/accounts
/dashboard/voice/agents/new,/dashboard/social/settings
/dashboard/voice/agents/new,/dashboard/social/suggestions
/dashboard/voice/agents/new,/dashboard/test
/dashboard/voice/agents/new,/dashboard/voice
/dashboard/voice/agents/new,/dashboard/voice/agents/new
/dashboard/voice/agents/new,/dashboard/voice/calls
/dashboard/voice/agents/new,/dashboard/voice/numbers
/dashboard/voice/agents/new,/help
/dashboard/voice/calls,/dashboard
/dashboard/voice/calls,/dashboard/ads
/dashboard/voice/calls,/dashboard/ads/accounts
/dashboard/voice/calls,/dashboard/ads/create
/dashboard/voice/calls,/dashboard/analytics
/dashboard/voice/calls,/dashboard/automations
/dashboard/voice/calls,/dashboard/brand
/dashboard/voice/calls,/dashboard/brand/strategy
/dashboard/voice/calls,/dashboard/brand/voice
/dashboard/voice/calls,/dashboard/calendar
/dashboard/voice/calls,/dashboard/content
/dashboard/voice/calls,/dashboard/content/approval
/dashboard/voice/calls,/dashboard/content/generate
/dashboard/voice/calls,/dashboard/content/published
/dashboard/voice/calls,/dashboard/context
/dashboard/voice/calls,/dashboard/leads
/dashboard/voice/calls,/dashboard/settings
/dashboard/voice/calls,/dashboard/settings/publishing
/dashboard/voice/calls,/dashboard/social
/dashboard/voice/calls,/dashboard/social/accounts
/dashboard/voice/calls,/dashboard/social/settings
/dashboard/voice/calls,/dashboard/social/suggestions
/dashboard/voice/calls,/dashboard/test
/dashboard/voice/calls,/dashboard/voice
/dashboard/voice/calls,/dashboard/voice/calls
/dashboard/voice/calls,/dashboard/voice/numbers
/dashboard/voice/calls,/help
/dashboard/voice,/dashboard
/dashboard/voice,/dashboard/ads
/dashboard/voice,/dashboard/ads/accounts
/dashboard/voice,/dashboard/ads/create
/dashboard/voice,/dashboard/analytics
/dashboard/voice,/dashboard/automations
/dashboard/voice,/dashboard/brand
/dashboard/voice,/dashboard/brand/strategy
/dashboard/voice,/dashboard/brand/voice
/dashboard/voice,/dashboard/calendar
/dashboard/voice,/dashboard/content
/dashboard/voice,/dashboard/content/approval
/dashboard/voice,/dashboard/content/generate
/dashboard/voice,/dashboard/content/published
/dashboard/voice,/dashboard/context
/dashboard/voice,/dashboard/leads
/dashboard/voice,/dashboard/settings
/dashboard/voice,/dashboard/settings/publishing
/dashboard/voice,/dashboard/settings/usage
/dashboard/voice,/dashboard/social
/dashboard/voice,/dashboard/social/accounts
/dashboard/voice,/dashboard/social/settings
/dashboard/voice,/dashboard/social/suggestions
/dashboard/voice,/dashboard/test
/dashboard/voice,/dashboard/voice
/dashboard/voice,/dashboard/voice/agents/new
/dashboard/voice,/dashboard/voice/calls
/dashboard/voice,/dashboard/voice/flows
/dashboard/voice,/dashboard/voice/groups
/dashboard/voice,/dashboard/voice/knowledge-bases
/dashboard/voice,/dashboard/voice/numbers
/dashboard/voice,/dashboard/voice/routing
/dashboard/voice,/dashboard/voice/templates
/dashboard/voice,/dashboard/voice/test
/dashboard/voice/flows,/dashboard
/dashboard/voice/flows,/dashboard/ads
/dashboard/voice/flows,/dashboard/ads/accounts
/dashboard/voice/flows,/dashboard/ads/create
/dashboard/voice/flows,/dashboard/analytics
/dashboard/voice/flows,/dashboard/automations
/dashboard/voice/flows,/dashboard/brand
/dashboard/voice/flows,/dashboard/brand/strategy
/dashboard/voice/flows,/dashboard/brand/voice
/dashboard/voice/flows,/dashboard/calendar
/dashboard/voice/flows,/dashboard/content
/dashboard/voice/flows,/dashboard/content/approval
/dashboard/voice/flows,/dashboard/content/generate
/dashboard/voice/flows,/dashboard/content/published
/dashboard/voice/flows,/dashboard/context
/dashboard/voice/flows,/dashboard/leads
/dashboard/voice/flows,/dashboard/settings
/dashboard/voice/flows,/dashboard/settings/publishing
/dashboard/voice/flows,/dashboard/social
/dashboard/voice/flows,/dashboard/social/accounts
/dashboard/voice/flows,/dashboard/social/settings
/dashboard/voice/flows,/dashboard/social/suggestions
/dashboard/voice/flows,/dashboard/test
/dashboard/voice/flows,/dashboard/voice
/dashboard/voice/flows,/dashboard/voice/calls
/dashboard/voice/flows,/dashboard/voice/flows
/dashboard/voice/flows,/dashboard/voice/numbers
/dashboard/voice/flows,/help
/dashboard/voice/groups,/dashboard
/dashboard/voice/groups,/dashboard/ads
/dashboard/voice/groups,/dashboard/ads/accounts
/dashboard/voice/groups,/dashboard/ads/create
/dashboard/voice/groups,/dashboard/analytics
/dashboard/voice/groups,/dashboard/automations
/dashboard/voice/groups,/dashboard/brand
/dashboard/voice/groups,/dashboard/brand/strategy
/dashboard/voice/groups,/dashboard/brand/voice
/dashboard/voice/groups,/dashboard/calendar
/dashboard/voice/groups,/dashboard/content
/dashboard/voice/groups,/dashboard/content/approval
/dashboard/voice/groups,/dashboard/content/generate
/dashboard/voice/groups,/dashboard/content/published
/dashboard/voice/groups,/dashboard/context
/dashboard/voice/groups,/dashboard/leads
/dashboard/voice/groups,/dashboard/settings
/dashboard/voice/groups,/dashboard/settings/publishing
/dashboard/voice/groups,/dashboard/social
/dashboard/voice/groups,/dashboard/social/accounts
/dashboard/voice/groups,/dashboard/social/settings
/dashboard/voice/groups,/dashboard/social/suggestions
/dashboard/voice/groups,/dashboard/test
/dashboard/voice/groups,/dashboard/voice
/dashboard/voice/groups,/dashboard/voice/calls
/dashboard/voice/groups,/dashboard/voice/groups
/dashboard/voice/groups,/dashboard/voice/numbers
/dashboard/voice/groups,/help
/dashboard/voice,/help
/dashboard/voice/knowledge-bases,/dashboard
/dashboard/voice/knowledge-bases,/dashboard/ads
/dashboard/voice/knowledge-bases,/dashboard/ads/accounts
/dashboard/voice/knowledge-bases,/dashboard/ads/create
/dashboard/voice/knowledge-bases,/dashboard/analytics
/dashboard/voice/knowledge-bases,/dashboard/automations
/dashboard/voice/knowledge-bases,/dashboard/brand
/dashboard/voice/knowledge-bases,/dashboard/brand/strategy
/dashboard/voice/knowledge-bases,/dashboard/brand/voice
/dashboard/voice/knowledge-bases,/dashboard/calendar
/dashboard/voice/knowledge-bases,/dashboard/content
/dashboard/voice/knowledge-bases,/dashboard/content/approval
/dashboard/voice/knowledge-bases,/dashboard/content/generate
/dashboard/voice/knowledge-bases,/dashboard/content/published
/dashboard/voice/knowledge-bases,/dashboard/context
/dashboard/voice/knowledge-bases,/dashboard/leads
/dashboard/voice/knowledge-bases,/dashboard/settings
/dashboard/voice/knowledge-bases,/dashboard/settings/publishing
/dashboard/voice/knowledge-bases,/dashboard/social
/dashboard/voice/knowledge-bases,/dashboard/social/accounts
/dashboard/voice/knowledge-bases,/dashboard/social/settings
/dashboard/voice/knowledge-bases,/dashboard/social/suggestions
/dashboard/voice/knowledge-bases,/dashboard/test
/dashboard/voice/knowledge-bases,/dashboard/voice
/dashboard/voice/knowledge-bases,/dashboard/voice/calls
/dashboard/voice/knowledge-bases,/dashboard/voice/knowledge-bases
/dashboard/voice/knowledge-bases,/dashboard/voice/numbers
/dashboard/voice/knowledge-bases,/help
/dashboard/voice/numbers,/dashboard
/dashboard/voice/numbers,/dashboard/ads
/dashboard/voice/numbers,/dashboard/ads/accounts
/dashboard/voice/numbers,/dashboard/ads/create
/dashboard/voice/numbers,/dashboard/analytics
/dashboard/voice/numbers,/dashboard/automations
/dashboard/voice/numbers,/dashboard/brand
/dashboard/voice/numbers,/dashboard/brand/strategy
/dashboard/voice/numbers,/dashboard/brand/voice
/dashboard/voice/numbers,/dashboard/calendar
/dashboard/voice/numbers,/dashboard/content
/dashboard/voice/numbers,/dashboard/content/approval
/dashboard/voice/numbers,/dashboard/content/generate
/dashboard/voice/numbers,/dashboard/content/published
/dashboard/voice/numbers,/dashboard/context
/dashboard/voice/numbers,/dashboard/leads
/dashboard/voice/numbers,/dashboard/settings
/dashboard/voice/numbers,/dashboard/settings/publishing
/dashboard/voice/numbers,/dashboard/social
/dashboard/voice/numbers,/dashboard/social/accounts
/dashboard/voice/numbers,/dashboard/social/settings
/dashboard/voice/numbers,/dashboard/social/suggestions
/dashboard/voice/numbers,/dashboard/test
/dashboard/voice/numbers,/dashboard/voice
/dashboard/voice/numbers,/dashboard/voice/calls
/dashboard/voice/numbers,/dashboard/voice/numbers
/dashboard/voice/numbers,/help
/dashboard/voice/routing,/dashboard
/dashboard/voice/routing,/dashboard/ads
/dashboard/voice/routing,/dashboard/ads/accounts
/dashboard/voice/routing,/dashboard/ads/create
/dashboard/voice/routing,/dashboard/analytics
/dashboard/voice/routing,/dashboard/automations
/dashboard/voice/routing,/dashboard/brand
/dashboard/voice/routing,/dashboard/brand/strategy
/dashboard/voice/routing,/dashboard/brand/voice
/dashboard/voice/routing,/dashboard/calendar
/dashboard/voice/routing,/dashboard/content
/dashboard/voice/routing,/dashboard/content/approval
/dashboard/voice/routing,/dashboard/content/generate
/dashboard/voice/routing,/dashboard/content/published
/dashboard/voice/routing,/dashboard/context
/dashboard/voice/routing,/dashboard/leads
/dashboard/voice/routing,/dashboard/settings
/dashboard/voice/routing,/dashboard/settings/publishing
/dashboard/voice/routing,/dashboard/social
/dashboard/voice/routing,/dashboard/social/accounts
/dashboard/voice/routing,/dashboard/social/settings
/dashboard/voice/routing,/dashboard/social/suggestions
/dashboard/voice/routing,/dashboard/test
/dashboard/voice/routing,/dashboard/voice
/dashboard/voice/routing,/dashboard/voice/calls
/dashboard/voice/routing,/dashboard/voice/groups
/dashboard/voice/routing,/dashboard/voice/numbers
/dashboard/voice/routing,/dashboard/voice/routing
/dashboard/voice/routing,/help
/dashboard/voice/templates,/dashboard
/dashboard/voice/templates,/dashboard/ads
/dashboard/voice/templates,/dashboard/ads/accounts
/dashboard/voice/templates,/dashboard/ads/create
/dashboard/voice/templates,/dashboard/analytics
/dashboard/voice/templates,/dashboard/automations
/dashboard/voice/templates,/dashboard/brand
/dashboard/voice/templates,/dashboard/brand/strategy
/dashboard/voice/templates,/dashboard/brand/voice
/dashboard/voice/templates,/dashboard/calendar
/dashboard/voice/templates,/dashboard/content
/dashboard/voice/templates,/dashboard/content/approval
/dashboard/voice/templates,/dashboard/content/generate
/dashboard/voice/templates,/dashboard/content/published
/dashboard/voice/templates,/dashboard/context
/dashboard/voice/templates,/dashboard/leads
/dashboard/voice/templates,/dashboard/settings
/dashboard/voice/templates,/dashboard/settings/publishing
/dashboard/voice/templates,/dashboard/social
/dashboard/voice/templates,/dashboard/social/accounts
/dashboard/voice/templates,/dashboard/social/settings
/dashboard/voice/templates,/dashboard/social/suggestions
/dashboard/voice/templates,/dashboard/test
/dashboard/voice/templates,/dashboard/voice
/dashboard/voice/templates,/dashboard/voice/calls
/dashboard/voice/templates,/dashboard/voice/numbers
/dashboard/voice/templates,/dashboard/voice/templates
/dashboard/voice/templates,/help
/dashboard/voice/test,/dashboard
/dashboard/voice/test,/dashboard/ads
/dashboard/voice/test,/dashboard/ads/accounts
/dashboard/voice/test,/dashboard/ads/create
/dashboard/voice/test,/dashboard/analytics
/dashboard/voice/test,/dashboard/automations
/dashboard/voice/test,/dashboard/brand
/dashboard/voice/test,/dashboard/brand/strategy
/dashboard/voice/test,/dashboard/brand/voice
/dashboard/voice/test,/dashboard/calendar
/dashboard/voice/test,/dashboard/content
/dashboard/voice/test,/dashboard/content/approval
/dashboard/voice/test,/dashboard/content/generate
/dashboard/voice/test,/dashboard/content/published
/dashboard/voice/test,/dashboard/context
/dashboard/voice/test,/dashboard/leads
/dashboard/voice/test,/dashboard/settings
/dashboard/voice/test,/dashboard/settings/publishing
/dashboard/voice/test,/dashboard/settings/usage
/dashboard/voice/test,/dashboard/social
/dashboard/voice/test,/dashboard/social/accounts
/dashboard/voice/test,/dashboard/social/settings
/dashboard/voice/test,/dashboard/social/suggestions
/dashboard/voice/test,/dashboard/test
/dashboard/voice/test,/dashboard/voice
/dashboard/voice/test,/dashboard/voice/calls
/dashboard/voice/test,/dashboard/voice/numbers
/dashboard/voice/test,/dashboard/voice/test
/dashboard/voice/test,/help
/docs/setup,/dashboard
/onboarding,/dashboard
/onboarding,/dashboard/ads
/onboarding,/dashboard/ads/accounts
/onboarding,/dashboard/ads/create
/onboarding,/dashboard/analytics
/onboarding,/dashboard/automations
/onboarding,/dashboard/brand
/onboarding,/dashboard/brand/strategy
/onboarding,/dashboard/brand/voice
/onboarding,/dashboard/calendar
/onboarding,/dashboard/content
/onboarding,/dashboard/content/approval
/onboarding,/dashboard/content/generate
/onboarding,/dashboard/content/published
/onboarding,/dashboard/context
/onboarding,/dashboard/leads
/onboarding,/dashboard/settings
/onboarding,/dashboard/settings/publishing
/onboarding,/dashboard/social
/onboarding,/dashboard/social/accounts
/onboarding,/dashboard/social/settings
/onboarding,/dashboard/social/suggestions
/onboarding,/dashboard/test
/onboarding,/dashboard/voice
/onboarding,/dashboard/voice/calls
/onboarding,/dashboard/voice/numbers
/onboarding,/help
/onboarding,/onboarding
/setup,/dashboard
/setup,/dashboard/ads
/setup,/dashboard/ads/accounts
/setup,/dashboard/ads/create
/setup,/dashboard/analytics
/setup,/dashboard/automations
/setup,/dashboard/brand
/setup,/dashboard/brand/strategy
/setup,/dashboard/brand/voice
/setup,/dashboard/calendar
/setup,/dashboard/content
/setup,/dashboard/content/approval
/setup,/dashboard/content/generate
/setup,/dashboard/content/published
/setup,/dashboard/context
/setup,/dashboard/leads
/setup,/dashboard/settings
/setup,/dashboard/settings/publishing
/setup,/dashboard/social
/setup,/dashboard/social/accounts
/setup,/dashboard/social/settings
/setup,/dashboard/social/suggestions
/setup,/dashboard/test
/setup,/dashboard/voice
/setup,/dashboard/voice/calls
/setup,/dashboard/voice/numbers
/setup,/docs/setup
/setup,/help
/setup,/setup
/sign-in,/
/sign-up,/
